Arroz Valluno,Almuerzo,Tuna - Yellowfin,Caja para dos,16000
Arroz Llanero,Almuerzo,"Bag - Bread, White, Plain",Caja para dos,6000
Arroz Mediterraneo,Almuerzo,Godiva White Chocolate,Caja para dos,8000
Chop Suby,Almuerzo,Grapes - Red,Caja para dos,12000
Chop Suby,Almuerzo,"Fish - Soup Base, Bouillon",Caja para dos,8000
Arroz Vegetariano,Almuerzo,Bread - Rye,Caja personal,14000
Arroz Oriental,Almuerzo,Gelatine Leaves - Bulk,Caja para dos,10000
Arroz del Puerto,Almuerzo,Bar Nature Valley,Caja para dos,16000
Arroz Llanero,Almuerzo,Cheese - Cheddar With Claret,Caja para dos,4000
Papas a la Francesa,Acompañamiento,Veal - Inside,Caja para dos,16000
Lumpias,Acompañamiento,"Crush - Grape, 355 Ml",Caja personal,7000
Arroz del Puerto,Almuerzo,Curry Paste - Madras,Caja para dos,12000
Arroz a la Barbacoa,Almuerzo,Strawberries - California,Caja para dos,10000
Lumpias,Acompañamiento,"Bar Mix - Pina Colada, 355 Ml",Caja para dos,14000
Lumpias,Acompañamiento,Shiro Miso,Caja para dos,20000
Lumpias,Acompañamiento,Skirt - 29 Foot,Caja personal,4000
Arroz Llanero,Almuerzo,Tea - Decaf Lipton,Caja personal,16000
Arroz Vegetariano,Almuerzo,Mortadella,Caja personal,14000
Arroz Vegetariano,Almuerzo,White Fish - Filets,Caja personal,8000
Chop Suby,Almuerzo,Bread Bowl Plain,Caja personal,10000
Arroz Mediterraneo,Almuerzo,"Tortillas - Flour, 10",Caja personal,6000
Arroz del Puerto,Almuerzo,Beets - Mini Golden,Caja personal,4000
Arroz del Puerto,Almuerzo,"Beef - Baby, Liver",Caja para dos,6000
Chop Suby,Almuerzo,Snails - Large Canned,Caja personal,16000
Lumpias,Acompañamiento,Bread - Petit Baguette,Caja personal,10000
Arroz Vegetariano,Almuerzo,"Pasta - Linguini, Dry",Caja para dos,7000
Lumpias,Acompañamiento,Cake - Pancake,Caja personal,7000
Chop Suby,Almuerzo,Chicken - Bones,Caja personal,20000
Papas a la Francesa,Acompañamiento,Wine - Chateau Timberlay,Caja para dos,14000
Arroz Valluno,Almuerzo,Soup - French Can Pea,Caja para dos,6000
Arroz Colombiano,Almuerzo,Pur Source,Caja para dos,20000
Arroz Llanero,Almuerzo,Cheese - Le Cru Du Clocher,Caja para dos,20000
Arroz Llanero,Almuerzo,"Sugar - Brown, Individual",Caja para dos,16000
Arroz Valluno,Almuerzo,Pomegranates,Caja para dos,14000
Arroz del Puerto,Almuerzo,Ham - Cooked Bayonne Tinned,Caja personal,7000
Arroz a la Barbacoa,Almuerzo,Cheese - Fontina,Caja para dos,12000
Chop Suby,Almuerzo,Flour - Chickpea,Caja personal,7000
Arroz Valluno,Almuerzo,Cornflakes,Caja personal,20000
Arroz Mediterraneo,Almuerzo,"Turnip - White, Organic",Caja personal,12000
Arroz Colombiano,Almuerzo,Wine - Pinot Noir Pond Haddock,Caja personal,4000
Arroz Colombiano,Almuerzo,Worcestershire Sauce,Caja para dos,14000
Arroz Vegetariano,Almuerzo,Flower - Potmums,Caja para dos,12000
Arroz Colombiano,Almuerzo,Sponge Cake Mix - Chocolate,Caja personal,7000
Arroz a la Barbacoa,Almuerzo,Cookies - Fortune,Caja para dos,14000
Arroz del Puerto,Almuerzo,"Yogurt - Strawberry, 175 Gr",Caja para dos,12000
Arroz Oriental,Almuerzo,"Pasta - Fettuccine, Egg, Fresh",Caja para dos,10000
Papas a la Francesa,Acompañamiento,"Mushroom - Enoki, Dry",Caja personal,8000
Papas a la Francesa,Acompañamiento,Water - Aquafina Vitamin,Caja para dos,6000
Arroz Llanero,Almuerzo,Wine - Chardonnay South,Caja para dos,12000
Arroz Mediterraneo,Almuerzo,Wine - Shiraz South Eastern,Caja personal,7000
Arroz del Puerto,Almuerzo,Tuna - Yellowfin,Caja para dos,16000
Arroz Valluno,Almuerzo,Paper - Brown Paper Mini Cups,Caja personal,12000
Arroz Mediterraneo,Almuerzo,Rum - Mount Gay Eclipes,Caja personal,6000
Arroz Valluno,Almuerzo,"Wine - White, Pelee Island",Caja personal,6000
Lumpias,Acompañamiento,Jolt Cola - Electric Blue,Caja para dos,16000
Arroz a la Barbacoa,Almuerzo,Capers - Ox Eye Daisy,Caja para dos,10000
Papas a la Francesa,Acompañamiento,Veal - Knuckle,Caja para dos,14000
Arroz Oriental,Almuerzo,Cheese - Stilton,Caja para dos,12000
Arroz Vegetariano,Almuerzo,Veal - Provimi Inside,Caja para dos,8000
Arroz Colombiano,Almuerzo,Eggs - Extra Large,Caja personal,12000
Lumpias,Acompañamiento,Venison - Denver Leg Boneless,Caja personal,20000
Arroz del Puerto,Almuerzo,Lemon Grass,Caja para dos,16000
Arroz Vegetariano,Almuerzo,Shrimp - Black Tiger 26/30,Caja personal,10000
Arroz a la Barbacoa,Almuerzo,Wine - Red Oakridge Merlot,Caja personal,12000
Papas a la Francesa,Acompañamiento,"Tart Shells - Sweet, 3",Caja personal,7000
Arroz Oriental,Almuerzo,Assorted Desserts,Caja para dos,4000
Chop Suby,Almuerzo,Wine - Masi Valpolocell,Caja para dos,7000
Arroz Llanero,Almuerzo,Onions - Cippolini,Caja para dos,4000
Arroz Valluno,Almuerzo,Veal - Heart,Caja personal,7000
Arroz Colombiano,Almuerzo,Cheese - Roquefort Pappillon,Caja para dos,7000
Arroz del Puerto,Almuerzo,Oregano - Fresh,Caja para dos,20000
Arroz Llanero,Almuerzo,Bread - Bistro Sour,Caja personal,6000
Arroz Valluno,Almuerzo,Steampan Lid,Caja para dos,10000
Arroz Oriental,Almuerzo,Jameson - Irish Whiskey,Caja personal,4000
Arroz Vegetariano,Almuerzo,Tea - Camomele,Caja personal,20000
Arroz Mediterraneo,Almuerzo,"Pepper - Paprika, Hungarian",Caja para dos,7000
Arroz a la Barbacoa,Almuerzo,Kellogs All Bran Bars,Caja para dos,10000
Arroz Llanero,Almuerzo,Vol Au Vents,Caja para dos,4000
Lumpias,Acompañamiento,Coffee Swiss Choc Almond,Caja para dos,20000
Arroz Mediterraneo,Almuerzo,Red Cod Fillets - 225g,Caja para dos,6000
Arroz Valluno,Almuerzo,Nantucket - Carrot Orange,Caja personal,10000
Lumpias,Acompañamiento,Cleaner - Bleach,Caja para dos,12000
Arroz del Puerto,Almuerzo,Cheese - La Sauvagine,Caja personal,10000
Papas a la Francesa,Acompañamiento,Wine - Stoneliegh Sauvignon,Caja personal,12000
Arroz Vegetariano,Almuerzo,Extract - Raspberry,Caja para dos,12000
Arroz Colombiano,Almuerzo,Maple Syrup,Caja personal,10000
Arroz Mediterraneo,Almuerzo,Nantucket - Orange Mango Cktl,Caja para dos,4000
Arroz Mediterraneo,Almuerzo,Soup - Verve - Chipotle Chicken,Caja personal,20000
Arroz del Puerto,Almuerzo,Beer - Mill St Organic,Caja para dos,10000
Arroz Llanero,Almuerzo,Dc Hikiage Hira Huba,Caja personal,16000
Arroz del Puerto,Almuerzo,Puff Pastry - Sheets,Caja personal,8000
Arroz Valluno,Almuerzo,Olives - Morracan Dired,Caja para dos,14000
Papas a la Francesa,Acompañamiento,Cumin - Whole,Caja para dos,12000
Arroz Llanero,Almuerzo,Steel Wool S.o.s,Caja personal,16000
Arroz Mediterraneo,Almuerzo,"Wine - Red, Concha Y Toro",Caja personal,8000
Arroz del Puerto,Almuerzo,Rambutan,Caja personal,16000
Papas a la Francesa,Acompañamiento,Chocolate - Milk,Caja personal,20000
Arroz del Puerto,Almuerzo,"Veal - Round, Eye Of",Caja personal,7000
Arroz Mediterraneo,Almuerzo,"Wine - White, Lindemans Bin 95",Caja para dos,4000
Papas a la Francesa,Acompañamiento,Wine - Chateau Bonnet,Caja para dos,7000
Arroz Llanero,Almuerzo,Wine - Rosso Toscano Igt,Caja para dos,16000
Arroz Valluno,Almuerzo,Aspic - Clear,Caja personal,12000
Papas a la Francesa,Acompañamiento,"Pasta - Orzo, Dry",Caja para dos,8000
Arroz Mediterraneo,Almuerzo,Carbonated Water - Lemon Lime,Caja personal,10000
Arroz Oriental,Almuerzo,Water - Green Tea Refresher,Caja para dos,6000
Papas a la Francesa,Acompañamiento,Cabbage - Red,Caja personal,10000
Chop Suby,Almuerzo,Trueblue - Blueberry 12x473ml,Caja para dos,10000
Arroz Colombiano,Almuerzo,Pears - Bosc,Caja para dos,4000
Lumpias,Acompañamiento,Ecolab - Power Fusion,Caja para dos,16000
Arroz Colombiano,Almuerzo,Pimento - Canned,Caja para dos,4000
Arroz Oriental,Almuerzo,Wine - Cave Springs Dry Riesling,Caja para dos,12000
Arroz Oriental,Almuerzo,Lemon Grass,Caja para dos,6000
Arroz Llanero,Almuerzo,"Wine - Red, Pelee Island Merlot",Caja para dos,20000
Arroz Oriental,Almuerzo,Bacardi Mojito,Caja personal,14000
Papas a la Francesa,Acompañamiento,Shrimp - Black Tiger 26/30,Caja personal,6000
Arroz Mediterraneo,Almuerzo,Crab - Imitation Flakes,Caja personal,10000
Arroz Llanero,Almuerzo,Fork - Plastic,Caja para dos,6000
Papas a la Francesa,Acompañamiento,Icecream - Dibs,Caja para dos,14000
Arroz Vegetariano,Almuerzo,Beer - Paulaner Hefeweisse,Caja personal,6000
Papas a la Francesa,Acompañamiento,"Ice - Clear, 300 Lb For Carving",Caja personal,6000
Arroz Colombiano,Almuerzo,"Tabasco Sauce, 2 Oz",Caja personal,14000
Arroz Vegetariano,Almuerzo,Russian Prince,Caja para dos,6000
Arroz a la Barbacoa,Almuerzo,"Beans - Black Bean, Preserved",Caja personal,14000
Lumpias,Acompañamiento,"Sauce - Gravy, Au Jus, Mix",Caja para dos,6000
Arroz Vegetariano,Almuerzo,Banana Turning,Caja para dos,6000
Lumpias,Acompañamiento,Lettuce - Romaine,Caja para dos,7000
Papas a la Francesa,Acompañamiento,"Cherries - Maraschino,jar",Caja personal,10000
Lumpias,Acompañamiento,Grapes - Green,Caja personal,8000
Arroz Mediterraneo,Almuerzo,Peach - Fresh,Caja para dos,4000
Lumpias,Acompañamiento,Coffee - Egg Nog Capuccino,Caja para dos,16000
Arroz a la Barbacoa,Almuerzo,Chutney Sauce,Caja personal,7000
Arroz a la Barbacoa,Almuerzo,Wine - Rosso Del Veronese Igt,Caja personal,12000
Chop Suby,Almuerzo,"Plate - Foam, Bread And Butter",Caja para dos,4000
Papas a la Francesa,Acompañamiento,White Fish - Filets,Caja personal,20000
Arroz Llanero,Almuerzo,Crab Meat Claw Pasteurise,Caja para dos,7000
Arroz Valluno,Almuerzo,"Juice - V8, Tomato",Caja personal,4000
Arroz Colombiano,Almuerzo,Sobe - Cranberry Grapefruit,Caja para dos,12000
Arroz Oriental,Almuerzo,Pastry - Lemon Danish - Mini,Caja para dos,10000
Arroz Colombiano,Almuerzo,"Salmon - Atlantic, Skin On",Caja para dos,6000
Arroz Colombiano,Almuerzo,Mini - Vol Au Vents,Caja personal,4000
Arroz Mediterraneo,Almuerzo,Sausage - Meat,Caja para dos,10000
Papas a la Francesa,Acompañamiento,"Juice - V8, Tomato",Caja para dos,12000
Lumpias,Acompañamiento,"Quail - Eggs, Fresh",Caja personal,10000
Arroz a la Barbacoa,Almuerzo,Ham - Procutinni,Caja personal,14000
Arroz Valluno,Almuerzo,"Pasta - Penne, Rigate, Dry",Caja para dos,7000
Arroz del Puerto,Almuerzo,Foil - 4oz Custard Cup,Caja para dos,12000
Papas a la Francesa,Acompañamiento,Papayas,Caja para dos,7000
Arroz Valluno,Almuerzo,Cheese - Augre Des Champs,Caja personal,16000
Arroz del Puerto,Almuerzo,Cheese - Camembert,Caja para dos,4000
Lumpias,Acompañamiento,Tea - Herbal I Love Lemon,Caja para dos,8000
Arroz Mediterraneo,Almuerzo,Sprouts Dikon,Caja personal,16000
Arroz del Puerto,Almuerzo,Wine - Riesling Dr. Pauly,Caja personal,7000
Arroz a la Barbacoa,Almuerzo,Capers - Ox Eye Daisy,Caja personal,4000
Arroz Mediterraneo,Almuerzo,Kippers - Smoked,Caja personal,10000
Lumpias,Acompañamiento,Cheese - Marble,Caja personal,8000
Papas a la Francesa,Acompañamiento,Dc Hikiage Hira Huba,Caja para dos,10000
Arroz Oriental,Almuerzo,"Pepper - Chipotle, Canned",Caja personal,12000
Arroz a la Barbacoa,Almuerzo,Chocolate - Milk,Caja personal,16000
Arroz Colombiano,Almuerzo,Langers - Mango Nectar,Caja personal,14000
Arroz a la Barbacoa,Almuerzo,Cheese - Brick With Pepper,Caja para dos,6000
Arroz a la Barbacoa,Almuerzo,"Pail - 15l White, With Handle",Caja personal,12000
Arroz Mediterraneo,Almuerzo,"Doilies - 5, Paper",Caja para dos,10000
Arroz Oriental,Almuerzo,"Nut - Hazelnut, Whole",Caja personal,10000
Arroz Colombiano,Almuerzo,"Doilies - 5, Paper",Caja para dos,12000
Chop Suby,Almuerzo,Cake - Pancake,Caja para dos,20000
Arroz Oriental,Almuerzo,Wine - Two Oceans Sauvignon,Caja para dos,12000
Arroz Oriental,Almuerzo,Cake - Bande Of Fruit,Caja personal,7000
Arroz Llanero,Almuerzo,Vinegar - Red Wine,Caja para dos,12000
Arroz Vegetariano,Almuerzo,"Yogurt - Cherry, 175 Gr",Caja para dos,20000
Arroz Llanero,Almuerzo,Wine - Jackson Triggs Okonagan,Caja para dos,12000
Arroz Colombiano,Almuerzo,"Lid - High Heat, Super Clear",Caja personal,7000
Arroz Mediterraneo,Almuerzo,Canadian Emmenthal,Caja para dos,10000
Arroz Vegetariano,Almuerzo,Oil - Sunflower,Caja personal,7000
Lumpias,Acompañamiento,"Soup - Campbells, Butternut",Caja personal,20000
Arroz Vegetariano,Almuerzo,Breakfast Quesadillas,Caja para dos,4000
Arroz Oriental,Almuerzo,Ham - Black Forest,Caja personal,12000
Arroz Vegetariano,Almuerzo,Alize Red Passion,Caja personal,20000
Papas a la Francesa,Acompañamiento,"Tortillas - Flour, 12",Caja personal,14000
Arroz Mediterraneo,Almuerzo,Cardamon Ground,Caja para dos,12000
Arroz Llanero,Almuerzo,Bread Cranberry Foccacia,Caja para dos,4000
Chop Suby,Almuerzo,Zucchini - Yellow,Caja para dos,14000
Arroz Valluno,Almuerzo,Cinnamon Buns Sticky,Caja personal,4000
Arroz del Puerto,Almuerzo,"Tendrils - Baby Pea, Organic",Caja para dos,6000
Papas a la Francesa,Acompañamiento,Lemon Grass,Caja personal,16000
Arroz Colombiano,Almuerzo,Energy Drink - Franks Pineapple,Caja para dos,16000
Arroz Vegetariano,Almuerzo,Buffalo - Tenderloin,Caja personal,14000
Arroz Colombiano,Almuerzo,Lemon Balm - Fresh,Caja personal,20000
Chop Suby,Almuerzo,Garbage Bags - Clear,Caja para dos,6000
Arroz Llanero,Almuerzo,Yukon Jack,Caja para dos,20000
Lumpias,Acompañamiento,Coffee - French Vanilla Frothy,Caja personal,14000
Arroz a la Barbacoa,Almuerzo,Potato - Sweet,Caja para dos,6000
Chop Suby,Almuerzo,"Fish - Artic Char, Cold Smoked",Caja para dos,16000
Chop Suby,Almuerzo,Lobster - Live,Caja para dos,10000
Arroz Vegetariano,Almuerzo,Muffin Mix - Blueberry,Caja para dos,12000
Chop Suby,Almuerzo,Juice - Orangina,Caja personal,10000
Arroz Vegetariano,Almuerzo,Container - Clear 16 Oz,Caja personal,20000
Arroz Colombiano,Almuerzo,Puff Pastry - Sheets,Caja personal,7000
Arroz a la Barbacoa,Almuerzo,Pastry - Trippleberry Muffin - Mini,Caja para dos,10000
Arroz Mediterraneo,Almuerzo,Mint - Fresh,Caja para dos,12000
Arroz Llanero,Almuerzo,Trueblue - Blueberry,Caja personal,16000
Arroz Llanero,Almuerzo,"Veal - Insides, Grains",Caja personal,4000
Arroz Valluno,Almuerzo,Table Cloth 62x120 White,Caja personal,8000
Arroz Oriental,Almuerzo,Wine - Masi Valpolocell,Caja para dos,12000
Papas a la Francesa,Acompañamiento,Butcher Twine 4r,Caja personal,8000
Papas a la Francesa,Acompañamiento,Chips Potato Swt Chilli Sour,Caja para dos,20000
Arroz Llanero,Almuerzo,Basil - Fresh,Caja para dos,16000
Arroz Vegetariano,Almuerzo,"Bread - Roll, Whole Wheat",Caja personal,4000
Arroz Llanero,Almuerzo,Milk 2% 500 Ml,Caja para dos,6000
Chop Suby,Almuerzo,Chicken - Bones,Caja personal,20000
Papas a la Francesa,Acompañamiento,Eggplant Italian,Caja personal,6000
Chop Suby,Almuerzo,"Bread - Rolls, Rye",Caja para dos,20000
Chop Suby,Almuerzo,"Tomatoes - Diced, Canned",Caja personal,4000
Arroz Llanero,Almuerzo,Potatoes - Idaho 80 Count,Caja personal,8000
Arroz del Puerto,Almuerzo,Muffin Puck Ww Carrot,Caja personal,4000
Arroz Llanero,Almuerzo,"Mushroom - Trumpet, Dry",Caja personal,12000
Arroz Llanero,Almuerzo,Versatainer Nc - 8288,Caja personal,4000
Papas a la Francesa,Acompañamiento,Garbage Bag - Clear,Caja para dos,6000
Arroz Vegetariano,Almuerzo,Carrots - Jumbo,Caja personal,4000
Arroz Vegetariano,Almuerzo,Bananas,Caja para dos,14000
Arroz del Puerto,Almuerzo,Crush - Cream Soda,Caja personal,12000
Arroz Mediterraneo,Almuerzo,Glove - Cutting,Caja para dos,4000
Arroz Llanero,Almuerzo,Sole - Iqf,Caja personal,4000
Arroz Colombiano,Almuerzo,Beef - Top Butt,Caja personal,14000
Arroz a la Barbacoa,Almuerzo,Oil - Sesame,Caja personal,12000
Arroz Vegetariano,Almuerzo,Chicken - Tenderloin,Caja personal,4000
Arroz Valluno,Almuerzo,Bread - Corn Muffaletta,Caja para dos,10000
Arroz Mediterraneo,Almuerzo,Flour - Rye,Caja para dos,6000
Arroz Oriental,Almuerzo,Soup Campbells,Caja personal,4000
Arroz Vegetariano,Almuerzo,Table Cloth 62x120 Colour,Caja personal,8000
Arroz a la Barbacoa,Almuerzo,"Mushrooms - Black, Dried",Caja para dos,4000
Arroz Colombiano,Almuerzo,"Napkin - Beverge, White 2 - Ply",Caja personal,10000
Arroz Colombiano,Almuerzo,"Crab - Dungeness, Whole, live",Caja para dos,6000
Chop Suby,Almuerzo,Wine - Prosecco Valdobiaddene,Caja para dos,8000
Papas a la Francesa,Acompañamiento,Lobster - Cooked,Caja para dos,4000
Arroz a la Barbacoa,Almuerzo,Tea - Lemon Green Tea,Caja para dos,10000
Arroz Mediterraneo,Almuerzo,Calaloo,Caja para dos,4000
Lumpias,Acompañamiento,Sauce - Salsa,Caja para dos,10000
Arroz del Puerto,Almuerzo,Vector Energy Bar,Caja personal,8000
Arroz Valluno,Almuerzo,Soup - Campbells Broccoli,Caja para dos,16000
Arroz Valluno,Almuerzo,Crab - Meat,Caja para dos,12000
Papas a la Francesa,Acompañamiento,Sage Derby,Caja personal,14000
Arroz del Puerto,Almuerzo,Pastry - Apple Large,Caja personal,4000
Chop Suby,Almuerzo,Oxtail - Cut,Caja personal,16000
Arroz Valluno,Almuerzo,Onions - Pearl,Caja para dos,10000
Arroz Mediterraneo,Almuerzo,Skirt - 24 Foot,Caja personal,14000
Arroz Mediterraneo,Almuerzo,Puree - Kiwi,Caja personal,12000
Arroz a la Barbacoa,Almuerzo,"Soup - Beef, Base Mix",Caja para dos,7000
Papas a la Francesa,Acompañamiento,"Cheese - Mozzarella, Shredded",Caja para dos,8000
Arroz Valluno,Almuerzo,Crackers - Water,Caja personal,8000
Arroz Valluno,Almuerzo,"Soup - Knorr, Veg / Beef",Caja para dos,14000
Arroz Vegetariano,Almuerzo,Vector Energy Bar,Caja personal,20000
Arroz Llanero,Almuerzo,Yucca,Caja para dos,16000
Arroz Colombiano,Almuerzo,Snails - Large Canned,Caja personal,20000
Arroz Vegetariano,Almuerzo,"Pasta - Cappellini, Dry",Caja personal,10000
Arroz Llanero,Almuerzo,Muffin - Carrot Individual Wrap,Caja para dos,16000
Arroz Mediterraneo,Almuerzo,Samosa - Veg,Caja para dos,14000
Arroz Vegetariano,Almuerzo,Pastry - Key Limepoppy Seed Tea,Caja para dos,10000
Papas a la Francesa,Acompañamiento,Sauce - Fish 25 Ozf Bottle,Caja para dos,14000
Arroz Colombiano,Almuerzo,Tomato - Plum With Basil,Caja para dos,8000
Arroz a la Barbacoa,Almuerzo,"Clams - Littleneck, Whole",Caja para dos,14000
Arroz Oriental,Almuerzo,Table Cloth 90x90 White,Caja para dos,8000
Arroz Vegetariano,Almuerzo,Mushroom - Chanterelle Frozen,Caja personal,12000
Arroz a la Barbacoa,Almuerzo,Bread - Petit Baguette,Caja personal,12000
Arroz Llanero,Almuerzo,Wild Boar - Tenderloin,Caja personal,4000
Chop Suby,Almuerzo,"Wine - White, Pinot Grigio",Caja personal,16000
Arroz del Puerto,Almuerzo,Mudslide,Caja personal,20000
Arroz Vegetariano,Almuerzo,"Cheese - Cheddar, Mild",Caja personal,12000
Arroz Mediterraneo,Almuerzo,Cheese - Stilton,Caja personal,7000
Arroz Mediterraneo,Almuerzo,Puree - Kiwi,Caja personal,20000
Arroz Valluno,Almuerzo,Durian Fruit,Caja personal,7000
Lumpias,Acompañamiento,"Pineapple - Canned, Rings",Caja para dos,16000
Papas a la Francesa,Acompañamiento,Wine - Guy Sage Touraine,Caja para dos,4000
Arroz Llanero,Almuerzo,Calypso - Black Cherry Lemonade,Caja para dos,20000
Arroz Oriental,Almuerzo,Wine - Winzer Krems Gruner,Caja personal,16000
Arroz Colombiano,Almuerzo,Squash - Butternut,Caja para dos,20000
Arroz Vegetariano,Almuerzo,Wine - Segura Viudas Aria Brut,Caja personal,14000
Arroz Mediterraneo,Almuerzo,Scallops 60/80 Iqf,Caja personal,6000
Chop Suby,Almuerzo,Nacho Chips,Caja para dos,8000
Papas a la Francesa,Acompañamiento,Flour - Masa De Harina Mexican,Caja para dos,16000
Arroz Llanero,Almuerzo,Broom - Push,Caja para dos,7000
Arroz Colombiano,Almuerzo,Coconut Milk - Unsweetened,Caja para dos,14000
Arroz del Puerto,Almuerzo,"Crab - Claws, 26 - 30",Caja para dos,20000
Arroz del Puerto,Almuerzo,Wine - Rosso Toscano Igt,Caja para dos,8000
Arroz Mediterraneo,Almuerzo,Cheese - Valancey,Caja para dos,12000
Arroz Llanero,Almuerzo,Dill Weed - Fresh,Caja para dos,14000
Papas a la Francesa,Acompañamiento,Curry Powder Madras,Caja personal,8000
Arroz Mediterraneo,Almuerzo,Chinese Lemon Pork,Caja para dos,6000
Arroz Oriental,Almuerzo,Cleaner - Lime Away,Caja personal,12000
Arroz Valluno,Almuerzo,Wine - Marlbourough Sauv Blanc,Caja para dos,7000
Papas a la Francesa,Acompañamiento,"Mushrooms - Black, Dried",Caja para dos,6000
Arroz Colombiano,Almuerzo,"Wine - White, Pinot Grigio",Caja personal,16000
Lumpias,Acompañamiento,Cheese - Pied De Vents,Caja personal,12000
Arroz del Puerto,Almuerzo,Ecolab - Ster Bac,Caja personal,8000
Arroz Mediterraneo,Almuerzo,Jicama,Caja personal,20000
Arroz Colombiano,Almuerzo,"Rum - White, Gg White",Caja personal,12000
Arroz Mediterraneo,Almuerzo,Wine - Segura Viudas Aria Brut,Caja personal,14000
Chop Suby,Almuerzo,Coffee Cup 8oz 5338cd,Caja personal,4000
Arroz Oriental,Almuerzo,Sprouts - China Rose,Caja para dos,20000
Arroz Oriental,Almuerzo,Myers Planters Punch,Caja personal,20000
Lumpias,Acompañamiento,"Garlic - Primerba, Paste",Caja para dos,12000
Arroz a la Barbacoa,Almuerzo,Soup - Campbells Asian Noodle,Caja personal,14000
Arroz Oriental,Almuerzo,Table Cloth 144x90 White,Caja personal,14000
Arroz Oriental,Almuerzo,Sproutsmustard Cress,Caja para dos,16000
Arroz Colombiano,Almuerzo,"Pasta - Penne, Lisce, Dry",Caja para dos,20000
Chop Suby,Almuerzo,Juice - Cranberry 284ml,Caja para dos,12000
Papas a la Francesa,Acompañamiento,Turkey Leg With Drum And Thigh,Caja para dos,6000
Arroz Colombiano,Almuerzo,Chocolate - Chips Compound,Caja personal,14000
Arroz Vegetariano,Almuerzo,Rice - Long Grain,Caja para dos,7000
Arroz a la Barbacoa,Almuerzo,Cheese - St. Paulin,Caja personal,14000
Arroz Llanero,Almuerzo,Dry Ice,Caja para dos,8000
Arroz Vegetariano,Almuerzo,Tea - Camomele,Caja personal,12000
Arroz a la Barbacoa,Almuerzo,Chocolate - Milk Coating,Caja para dos,4000
Papas a la Francesa,Acompañamiento,Wine - Puligny Montrachet A.,Caja personal,16000
Arroz Colombiano,Almuerzo,"Tortillas - Flour, 8",Caja para dos,10000
Lumpias,Acompañamiento,Oil - Avocado,Caja personal,4000
Arroz del Puerto,Almuerzo,Kohlrabi,Caja personal,14000
Chop Suby,Almuerzo,Sponge Cake Mix - Chocolate,Caja personal,16000
Arroz del Puerto,Almuerzo,Coriander - Ground,Caja personal,7000
Arroz Oriental,Almuerzo,Oil - Olive Bertolli,Caja personal,16000
Lumpias,Acompañamiento,Pie Shell - 5,Caja para dos,6000
Arroz Mediterraneo,Almuerzo,Wine - Niagara Peninsula Vqa,Caja personal,14000
Arroz a la Barbacoa,Almuerzo,"Wine - Red, Concha Y Toro",Caja personal,14000
Lumpias,Acompañamiento,"Soup - Knorr, Chicken Gumbo",Caja personal,14000
Papas a la Francesa,Acompañamiento,Cookie Chocolate Chip With,Caja para dos,10000
Arroz del Puerto,Almuerzo,Uniform Linen Charge,Caja para dos,4000
Arroz Colombiano,Almuerzo,Puree - Kiwi,Caja para dos,6000
Chop Suby,Almuerzo,"Bread - White, Sliced",Caja personal,20000
Papas a la Francesa,Acompañamiento,Molasses - Fancy,Caja para dos,7000
Arroz Vegetariano,Almuerzo,Wine - Soave Folonari,Caja personal,10000
Arroz a la Barbacoa,Almuerzo,Soup - Base Broth Chix,Caja personal,10000
Papas a la Francesa,Acompañamiento,Mustard - Pommery,Caja personal,4000
Arroz Colombiano,Almuerzo,Lamb Shoulder Boneless Nz,Caja personal,6000
Papas a la Francesa,Acompañamiento,Lettuce - Curly Endive,Caja personal,12000
Lumpias,Acompañamiento,Juice Peach Nectar,Caja para dos,20000
Lumpias,Acompañamiento,Cloves - Whole,Caja personal,6000
Arroz Colombiano,Almuerzo,"Nut - Walnut, Chopped",Caja personal,12000
Arroz Mediterraneo,Almuerzo,Lemonade - Pineapple Passion,Caja personal,8000
Chop Suby,Almuerzo,"Wine - Red, Gallo, Merlot",Caja personal,12000
Lumpias,Acompañamiento,Onions - Vidalia,Caja para dos,8000
Arroz Vegetariano,Almuerzo,Wine - Rhine Riesling Wolf Blass,Caja personal,7000
Arroz Llanero,Almuerzo,Emulsifier,Caja para dos,16000
Papas a la Francesa,Acompañamiento,Pastry - Cherry Danish - Mini,Caja para dos,8000
Arroz Valluno,Almuerzo,Bread - Bistro Sour,Caja para dos,8000
Arroz del Puerto,Almuerzo,Garbag Bags - Black,Caja personal,14000
Arroz Llanero,Almuerzo,Oil - Shortening - All - Purpose,Caja personal,4000
Arroz Llanero,Almuerzo,"Pasta - Linguini, Dry",Caja personal,12000
Arroz del Puerto,Almuerzo,Rhubarb,Caja para dos,6000
Lumpias,Acompañamiento,Chocolate - Dark Callets,Caja personal,8000
Arroz Valluno,Almuerzo,Coffee - Decafenated,Caja personal,7000
Arroz Vegetariano,Almuerzo,Spice - Paprika,Caja personal,4000
Arroz Vegetariano,Almuerzo,"Mushroom - Shitake, Fresh",Caja personal,4000
Papas a la Francesa,Acompañamiento,Cheese - Perron Cheddar,Caja personal,14000
Papas a la Francesa,Acompañamiento,Slt - Individual Portions,Caja para dos,6000
Arroz Vegetariano,Almuerzo,Clams - Canned,Caja para dos,6000
Arroz a la Barbacoa,Almuerzo,Tumeric,Caja personal,10000
Arroz a la Barbacoa,Almuerzo,Peach - Fresh,Caja para dos,20000
Arroz Valluno,Almuerzo,"Cheese - Havarti, Roasted Garlic",Caja para dos,16000
Lumpias,Acompañamiento,V8 - Berry Blend,Caja para dos,14000
Arroz Llanero,Almuerzo,Sardines,Caja para dos,8000
Arroz Vegetariano,Almuerzo,Lettuce - Baby Salad Greens,Caja para dos,7000
Arroz Mediterraneo,Almuerzo,Mushroom - Portebello,Caja personal,20000
Arroz Vegetariano,Almuerzo,"Placemat - Scallop, White",Caja para dos,8000
Arroz Oriental,Almuerzo,"Veal - Leg, Provimi - 50 Lb Max",Caja para dos,14000
Lumpias,Acompañamiento,Cup Translucent 9 Oz,Caja personal,6000
Arroz Vegetariano,Almuerzo,"Cherries - Bing, Canned",Caja para dos,7000
Lumpias,Acompañamiento,Oven Mitt - 13 Inch,Caja personal,8000
Papas a la Francesa,Acompañamiento,Appetizer - Seafood Assortment,Caja personal,14000
Arroz Colombiano,Almuerzo,"Peas - Pigeon, Dry",Caja para dos,14000
Arroz Vegetariano,Almuerzo,Juice - Apple Cider,Caja para dos,8000
Arroz Oriental,Almuerzo,Bonito Flakes - Toku Katsuo,Caja para dos,6000
Arroz Llanero,Almuerzo,"Pork - Loin, Bone - In",Caja personal,6000
Arroz Mediterraneo,Almuerzo,Lettuce - Lambs Mash,Caja para dos,10000
Arroz Mediterraneo,Almuerzo,Huck Towels White,Caja personal,10000
Arroz del Puerto,Almuerzo,Bay Leaf,Caja para dos,12000
Arroz del Puerto,Almuerzo,Bananas,Caja para dos,8000
Arroz a la Barbacoa,Almuerzo,Beef - Top Butt Aaa,Caja para dos,8000
Arroz Valluno,Almuerzo,"Split Peas - Green, Dry",Caja personal,8000
Arroz Colombiano,Almuerzo,Anchovy Fillets,Caja personal,4000
Papas a la Francesa,Acompañamiento,Tomatoes - Roma,Caja para dos,10000
Arroz Oriental,Almuerzo,Chocolate - Liqueur Cups With Foil,Caja para dos,20000
Arroz Mediterraneo,Almuerzo,Pepper - Red Thai,Caja personal,4000
Arroz del Puerto,Almuerzo,"Pepsi, 355 Ml",Caja para dos,10000
Arroz Oriental,Almuerzo,Sansho Powder,Caja personal,8000
Chop Suby,Almuerzo,Lettuce - Lolla Rosa,Caja para dos,6000
Arroz Llanero,Almuerzo,Lotus Root,Caja personal,8000
Arroz Oriental,Almuerzo,Mahi Mahi,Caja personal,14000
Arroz del Puerto,Almuerzo,Ice Cream Bar - Oreo Sandwich,Caja para dos,10000
Arroz a la Barbacoa,Almuerzo,Tomatoes Tear Drop Yellow,Caja personal,6000
Arroz Llanero,Almuerzo,Jolt Cola - Electric Blue,Caja para dos,12000
Arroz Colombiano,Almuerzo,Eggplant - Regular,Caja para dos,20000
Arroz a la Barbacoa,Almuerzo,Icecream - Dibs,Caja personal,10000
Arroz Vegetariano,Almuerzo,Jameson - Irish Whiskey,Caja personal,6000
Arroz Valluno,Almuerzo,Carbonated Water - Strawberry,Caja para dos,10000
Arroz del Puerto,Almuerzo,Cheese - Swiss,Caja para dos,14000
Arroz a la Barbacoa,Almuerzo,Cheese - Comtomme,Caja para dos,6000
Arroz a la Barbacoa,Almuerzo,Lobster - Canned Premium,Caja para dos,7000
Chop Suby,Almuerzo,Cream - 18%,Caja personal,14000
Arroz Vegetariano,Almuerzo,Beer - True North Strong Ale,Caja personal,10000
Arroz Valluno,Almuerzo,Truffle Cups Green,Caja para dos,7000
Arroz del Puerto,Almuerzo,Coffee Swiss Choc Almond,Caja personal,14000
Arroz Colombiano,Almuerzo,Coffee - Espresso,Caja para dos,12000
Lumpias,Acompañamiento,Mushroom - King Eryingii,Caja personal,8000
Lumpias,Acompañamiento,Veal - Loin,Caja para dos,4000
Arroz Colombiano,Almuerzo,Beef - Top Sirloin,Caja personal,16000
Arroz a la Barbacoa,Almuerzo,Chips - Assorted,Caja para dos,4000
Chop Suby,Almuerzo,Truffle Cups - White Paper,Caja para dos,12000
Arroz Vegetariano,Almuerzo,Uniform Linen Charge,Caja personal,8000
Arroz Vegetariano,Almuerzo,Tilapia - Fillets,Caja para dos,6000
Lumpias,Acompañamiento,Tuna - Salad Premix,Caja para dos,20000
Arroz del Puerto,Almuerzo,Huck Towels White,Caja para dos,10000
Chop Suby,Almuerzo,Cotton Wet Mop 16 Oz,Caja para dos,12000
Papas a la Francesa,Acompañamiento,Cheese Cheddar Processed,Caja para dos,12000
Lumpias,Acompañamiento,Onions - Green,Caja para dos,14000
Papas a la Francesa,Acompañamiento,Pork - Hock And Feet Attached,Caja para dos,4000
Arroz Oriental,Almuerzo,Muffin Mix - Raisin Bran,Caja para dos,10000
Arroz Vegetariano,Almuerzo,Coffee Guatemala Dark,Caja personal,12000
Arroz Mediterraneo,Almuerzo,"Wine - Red, Metus Rose",Caja personal,4000
Lumpias,Acompañamiento,"Salmon - Atlantic, Fresh, Whole",Caja personal,20000
Arroz Valluno,Almuerzo,Wine - Magnotta - Bel Paese White,Caja para dos,4000
Arroz del Puerto,Almuerzo,Wasabi Powder,Caja personal,4000
Arroz Valluno,Almuerzo,Beef - Tender Tips,Caja para dos,16000
Chop Suby,Almuerzo,Muffin - Mix - Mango Sour Cherry,Caja para dos,12000
Chop Suby,Almuerzo,"Beans - Fava, Canned",Caja personal,12000
Arroz Llanero,Almuerzo,Energy Drink - Franks Original,Caja personal,4000
Chop Suby,Almuerzo,Mince Meat - Filling,Caja para dos,12000
Arroz a la Barbacoa,Almuerzo,Muffin Carrot - Individual,Caja personal,8000
Arroz a la Barbacoa,Almuerzo,Wine - Penfolds Koonuga Hill,Caja para dos,4000
Papas a la Francesa,Acompañamiento,"Cheese - Brie, Triple Creme",Caja para dos,7000
Chop Suby,Almuerzo,Wine - Piper Heidsieck Brut,Caja para dos,6000
Arroz Llanero,Almuerzo,"Oil - Truffle, Black",Caja personal,16000
Arroz a la Barbacoa,Almuerzo,"Pepper - Black, Ground",Caja para dos,20000
Arroz Oriental,Almuerzo,Capicola - Hot,Caja personal,20000
Lumpias,Acompañamiento,"Sauce - Soya, Light",Caja para dos,16000
Arroz Valluno,Almuerzo,Ice Cream - Turtles Stick Bar,Caja personal,14000
Arroz del Puerto,Almuerzo,"Wine - Red, Cabernet Sauvignon",Caja para dos,8000
Arroz Colombiano,Almuerzo,Lid Coffee Cup 8oz Blk,Caja para dos,10000
Arroz Oriental,Almuerzo,Madeira,Caja para dos,7000
Arroz Colombiano,Almuerzo,Gingerale - Diet - Schweppes,Caja para dos,4000
Arroz Mediterraneo,Almuerzo,Beef Dry Aged Tenderloin Aaa,Caja para dos,7000
Lumpias,Acompañamiento,Cranberry Foccacia,Caja para dos,14000
Arroz Llanero,Almuerzo,Nori Sea Weed,Caja para dos,10000
Arroz Mediterraneo,Almuerzo,Juice - Prune,Caja personal,14000
Lumpias,Acompañamiento,"Pepper - Black, Ground",Caja personal,14000
Lumpias,Acompañamiento,Sobe - Berry Energy,Caja personal,8000
Chop Suby,Almuerzo,"Pasta - Tortellini, Fresh",Caja para dos,10000
Chop Suby,Almuerzo,Beer - Camerons Auburn,Caja para dos,16000
Arroz Llanero,Almuerzo,Fond - Chocolate,Caja personal,7000
Papas a la Francesa,Acompañamiento,Wooden Mop Handle,Caja para dos,8000
Chop Suby,Almuerzo,"Nut - Walnut, Chopped",Caja para dos,6000
Arroz del Puerto,Almuerzo,Beef - Ground Lean Fresh,Caja personal,20000
Lumpias,Acompañamiento,"Cheese - Havarti, Salsa",Caja personal,12000
Arroz Valluno,Almuerzo,Creme De Cacao Mcguines,Caja para dos,4000
Arroz a la Barbacoa,Almuerzo,Passion Fruit,Caja personal,6000
Arroz Llanero,Almuerzo,Carroway Seed,Caja para dos,16000
Arroz Llanero,Almuerzo,Juice - Ocean Spray Kiwi,Caja para dos,8000
Arroz Mediterraneo,Almuerzo,Kaffir Lime Leaves,Caja personal,4000
Arroz Mediterraneo,Almuerzo,"Lamb - Leg, Bone In",Caja para dos,4000
Chop Suby,Almuerzo,Veal - Liver,Caja para dos,10000
Arroz del Puerto,Almuerzo,Rice - Basmati,Caja para dos,4000
Arroz a la Barbacoa,Almuerzo,"Pasta - Penne, Lisce, Dry",Caja para dos,4000
Arroz Mediterraneo,Almuerzo,"Pasta - Lasagna, Dry",Caja personal,16000
Chop Suby,Almuerzo,Soupcontfoam16oz 116con,Caja para dos,8000
Arroz Mediterraneo,Almuerzo,Steam Pan - Half Size Deep,Caja personal,16000
Chop Suby,Almuerzo,Nori Sea Weed - Gold Label,Caja para dos,6000
Arroz Colombiano,Almuerzo,"Pineapple - Canned, Rings",Caja para dos,8000
Arroz Vegetariano,Almuerzo,Dates,Caja personal,7000
Arroz Llanero,Almuerzo,Bandage - Finger Cots,Caja personal,14000
Papas a la Francesa,Acompañamiento,Water Chestnut - Canned,Caja para dos,20000
Arroz Valluno,Almuerzo,Puree - Passion Fruit,Caja personal,12000
Papas a la Francesa,Acompañamiento,Pork - Liver,Caja para dos,12000
Chop Suby,Almuerzo,"Wine - White, Pelee Island",Caja para dos,20000
Arroz Vegetariano,Almuerzo,Chocolate - Semi Sweet,Caja personal,4000
Arroz Mediterraneo,Almuerzo,Wine - Magnotta - Belpaese,Caja personal,6000
Arroz a la Barbacoa,Almuerzo,Glucose,Caja para dos,16000
Arroz Llanero,Almuerzo,Chinese Foods - Pepper Beef,Caja para dos,4000
Arroz del Puerto,Almuerzo,Spring Roll Veg Mini,Caja personal,14000
Arroz Mediterraneo,Almuerzo,"Rum - Light, Captain Morgan",Caja personal,16000
Arroz Valluno,Almuerzo,Baking Powder,Caja para dos,10000
Arroz Valluno,Almuerzo,Dc Hikiage Hira Huba,Caja para dos,6000
Arroz Colombiano,Almuerzo,Table Cloth 120 Round White,Caja personal,8000
Arroz Oriental,Almuerzo,"Soup - Knorr, Chicken Gumbo",Caja para dos,14000
Arroz Mediterraneo,Almuerzo,Mangostein,Caja personal,14000
Arroz a la Barbacoa,Almuerzo,Pomello,Caja para dos,6000
Arroz a la Barbacoa,Almuerzo,Pepsi - 600ml,Caja para dos,20000
Arroz Mediterraneo,Almuerzo,"Tomatoes - Cherry, Yellow",Caja para dos,8000
Chop Suby,Almuerzo,Pastry - Cherry Danish - Mini,Caja personal,16000
Lumpias,Acompañamiento,Duck - Legs,Caja personal,16000
Chop Suby,Almuerzo,Soup Campbells Beef With Veg,Caja personal,7000
Arroz Valluno,Almuerzo,Coffee - Dark Roast,Caja personal,20000
Arroz Vegetariano,Almuerzo,"Nut - Walnut, Chopped",Caja para dos,14000
Arroz Valluno,Almuerzo,Wine - Crozes Hermitage E.,Caja para dos,7000
Arroz Colombiano,Almuerzo,"Tortillas - Flour, 12",Caja para dos,6000
Papas a la Francesa,Acompañamiento,"Tart Shells - Savory, 2",Caja personal,20000
Arroz Oriental,Almuerzo,Wine - Magnotta - Bel Paese White,Caja para dos,16000
Chop Suby,Almuerzo,"Sole - Dover, Whole, Fresh",Caja para dos,12000
Arroz Mediterraneo,Almuerzo,Island Oasis - Lemonade,Caja para dos,20000
Arroz Mediterraneo,Almuerzo,Cheese - Parmigiano Reggiano,Caja personal,10000
Arroz Valluno,Almuerzo,Flour - Strong,Caja para dos,16000
Arroz Vegetariano,Almuerzo,Potatoes - Fingerling 4 Oz,Caja personal,6000
Arroz del Puerto,Almuerzo,Mix - Cocktail Strawberry Daiquiri,Caja para dos,14000
Arroz Valluno,Almuerzo,"Beans - Navy, Dry",Caja personal,6000
Arroz a la Barbacoa,Almuerzo,Pork Ham Prager,Caja personal,6000
Arroz Valluno,Almuerzo,Mustard - Seed,Caja personal,8000
Arroz Oriental,Almuerzo,Ice Cream - Turtles Stick Bar,Caja para dos,6000
Chop Suby,Almuerzo,Chocolate - Milk Coating,Caja personal,14000
Arroz Llanero,Almuerzo,Pork - European Side Bacon,Caja personal,7000
Lumpias,Acompañamiento,Crackers - Water,Caja para dos,6000
Arroz Oriental,Almuerzo,Pear - Asian,Caja para dos,10000
Chop Suby,Almuerzo,Juice - Apple 284ml,Caja personal,12000
Arroz del Puerto,Almuerzo,Coffee - Cafe Moreno,Caja para dos,12000
Arroz Valluno,Almuerzo,Crawfish,Caja personal,8000
Arroz a la Barbacoa,Almuerzo,Soup - French Onion,Caja para dos,4000
Papas a la Francesa,Acompañamiento,Plasticspoonblack,Caja personal,10000
Arroz a la Barbacoa,Almuerzo,Spice - Chili Powder Mexican,Caja para dos,12000
Arroz Oriental,Almuerzo,Milk Powder,Caja para dos,8000
Chop Suby,Almuerzo,Cheese - Gouda,Caja para dos,8000
Lumpias,Acompañamiento,Apple - Northern Spy,Caja personal,16000
Arroz Vegetariano,Almuerzo,Veal - Insides Provini,Caja para dos,12000
Arroz Valluno,Almuerzo,Honey - Liquid,Caja personal,14000
Arroz Mediterraneo,Almuerzo,Bay Leaf Ground,Caja para dos,20000
Arroz Valluno,Almuerzo,Milk - Condensed,Caja para dos,14000
Arroz Oriental,Almuerzo,"Jam - Marmalade, Orange",Caja personal,16000
Arroz Valluno,Almuerzo,Sauce - Hollandaise,Caja personal,14000
Papas a la Francesa,Acompañamiento,Kiwi,Caja personal,12000
Arroz a la Barbacoa,Almuerzo,Contreau,Caja para dos,12000
Lumpias,Acompañamiento,Beef - Inside Round,Caja para dos,14000
Arroz Valluno,Almuerzo,Cookies - Englishbay Oatmeal,Caja para dos,14000
Chop Suby,Almuerzo,Oil - Cooking Spray,Caja para dos,10000
Arroz Colombiano,Almuerzo,Blackberries,Caja personal,14000
Chop Suby,Almuerzo,Crab - Imitation Flakes,Caja para dos,12000
Papas a la Francesa,Acompañamiento,Sprouts - Brussel,Caja personal,8000
Lumpias,Acompañamiento,Flour - Whole Wheat,Caja personal,7000
Arroz del Puerto,Almuerzo,Ham - Cooked Italian,Caja personal,12000
Arroz Llanero,Almuerzo,Dried Figs,Caja personal,6000
Arroz a la Barbacoa,Almuerzo,"Pasta - Rotini, Dry",Caja para dos,12000
Arroz Mediterraneo,Almuerzo,Fondant - Icing,Caja personal,12000
Arroz Llanero,Almuerzo,Salt - Table,Caja para dos,4000
Arroz Colombiano,Almuerzo,Wine - Chardonnay Mondavi,Caja para dos,8000
Lumpias,Acompañamiento,Smoked Tongue,Caja para dos,10000
Arroz Mediterraneo,Almuerzo,Mushroom - Chanterelle Frozen,Caja para dos,6000
Arroz Colombiano,Almuerzo,Cookies Almond Hazelnut,Caja para dos,7000
Arroz del Puerto,Almuerzo,"Flour - Corn, Fine",Caja personal,20000
Papas a la Francesa,Acompañamiento,"Soup - Campbells, Lentil",Caja para dos,20000
Lumpias,Acompañamiento,Steel Wool,Caja para dos,10000
Arroz del Puerto,Almuerzo,Longos - Burritos,Caja para dos,20000
Arroz Llanero,Almuerzo,"Salsify, Organic",Caja para dos,20000
Arroz Mediterraneo,Almuerzo,Onions - Vidalia,Caja para dos,7000
Arroz Llanero,Almuerzo,Soap - Pine Sol Floor Cleaner,Caja personal,7000
Arroz Valluno,Almuerzo,Cheese - Grie Des Champ,Caja para dos,20000
Arroz Colombiano,Almuerzo,Pumpkin,Caja para dos,6000
Arroz del Puerto,Almuerzo,"Pork - Ham, Virginia",Caja para dos,16000
Arroz del Puerto,Almuerzo,Pur Value,Caja para dos,16000
Chop Suby,Almuerzo,Honey - Lavender,Caja personal,16000
Arroz Valluno,Almuerzo,"Gin - Gilbeys London, Dry",Caja para dos,10000
Chop Suby,Almuerzo,True - Vue Containers,Caja personal,16000
Papas a la Francesa,Acompañamiento,"Asparagus - White, Canned",Caja personal,10000
Arroz Mediterraneo,Almuerzo,Lamb Tenderloin Nz Fr,Caja personal,7000
Arroz Oriental,Almuerzo,Tea - English Breakfast,Caja para dos,7000
Arroz Colombiano,Almuerzo,Soup Knorr Chili With Beans,Caja para dos,14000
Arroz del Puerto,Almuerzo,Wine - George Duboeuf Rose,Caja para dos,20000
Papas a la Francesa,Acompañamiento,Wine - Dubouef Macon - Villages,Caja personal,20000
Arroz Llanero,Almuerzo,Steampan Lid,Caja para dos,14000
Arroz a la Barbacoa,Almuerzo,Quinoa,Caja para dos,8000
Arroz Mediterraneo,Almuerzo,Soup - Base Broth Chix,Caja para dos,4000
Arroz Oriental,Almuerzo,Tumeric,Caja para dos,10000
Arroz Vegetariano,Almuerzo,Bread - Frozen Basket Variety,Caja personal,16000
Papas a la Francesa,Acompañamiento,Muffin Carrot - Individual,Caja personal,12000
Papas a la Francesa,Acompañamiento,Island Oasis - Ice Cream Mix,Caja para dos,8000
Lumpias,Acompañamiento,"Chilli Paste, Sambal Oelek",Caja personal,20000
Arroz Vegetariano,Almuerzo,Sprouts - Corn,Caja para dos,6000
Arroz Oriental,Almuerzo,"Doilies - 7, Paper",Caja personal,8000
Arroz Valluno,Almuerzo,Cornstarch,Caja personal,6000
Arroz del Puerto,Almuerzo,Lamb Tenderloin Nz Fr,Caja personal,8000
Arroz Llanero,Almuerzo,Pears - Bartlett,Caja para dos,4000
Arroz Llanero,Almuerzo,"Wine - Bourgogne 2002, La",Caja para dos,12000
Papas a la Francesa,Acompañamiento,Longan,Caja para dos,12000
Arroz Vegetariano,Almuerzo,Veal - Slab Bacon,Caja para dos,10000
Arroz Colombiano,Almuerzo,Steam Pan - Half Size Deep,Caja personal,20000
Arroz Mediterraneo,Almuerzo,"Pasta - Fettuccine, Dry",Caja para dos,12000
Arroz Mediterraneo,Almuerzo,Foam Dinner Plate,Caja personal,8000
Arroz del Puerto,Almuerzo,Cheese - Comtomme,Caja personal,10000
Arroz Vegetariano,Almuerzo,Wine - Chateau Timberlay,Caja para dos,20000
Arroz Colombiano,Almuerzo,Stock - Fish,Caja para dos,14000
Arroz Mediterraneo,Almuerzo,Wine - Casablanca Valley,Caja para dos,4000
Arroz Colombiano,Almuerzo,"Oil - Shortening,liqud, Fry",Caja personal,8000
Arroz Colombiano,Almuerzo,Eggplant - Regular,Caja personal,6000
Arroz Llanero,Almuerzo,"Liners - Banana, Paper",Caja personal,4000
Arroz Colombiano,Almuerzo,Cookies Oatmeal Raisin,Caja personal,16000
Papas a la Francesa,Acompañamiento,"Basil - Dry, Rubbed",Caja para dos,12000
Arroz Valluno,Almuerzo,Oil - Cooking Spray,Caja para dos,12000
Arroz del Puerto,Almuerzo,Sugar Thermometer,Caja para dos,14000
Arroz Mediterraneo,Almuerzo,Wine - Hardys Bankside Shiraz,Caja para dos,4000
Arroz Mediterraneo,Almuerzo,"Nut - Peanut, Roasted",Caja para dos,20000
Chop Suby,Almuerzo,"Apple - Delicious, Golden",Caja personal,12000
Lumpias,Acompañamiento,Wine - Touraine Azay - Le - Rideau,Caja personal,6000
Arroz Colombiano,Almuerzo,"Vodka - Hot, Lnferno",Caja para dos,20000
Arroz Vegetariano,Almuerzo,"Veal - Brisket, Provimi, Bone - In",Caja para dos,12000
Arroz Colombiano,Almuerzo,Chocolate Bar - Smarties,Caja personal,6000
Arroz Vegetariano,Almuerzo,"Sauce - Soya, Light",Caja para dos,6000
Lumpias,Acompañamiento,Fond - Neutral,Caja personal,16000
Papas a la Francesa,Acompañamiento,Soup - Campbells - Chicken Noodle,Caja personal,6000
Lumpias,Acompañamiento,Carbonated Water - Strawberry,Caja para dos,16000
Lumpias,Acompañamiento,"Sauce - Soya, Light",Caja para dos,7000
Lumpias,Acompañamiento,Red Pepper Paste,Caja para dos,14000
Arroz Llanero,Almuerzo,"Wine - Red, Pinot Noir, Chateau",Caja personal,20000
Arroz Oriental,Almuerzo,Kaffir Lime Leaves,Caja personal,6000
Arroz Vegetariano,Almuerzo,The Pop Shoppe - Lime Rickey,Caja para dos,14000
Arroz Oriental,Almuerzo,Chickensplit Half,Caja personal,20000
Lumpias,Acompañamiento,Bread Sour Rolls,Caja para dos,14000
Arroz Llanero,Almuerzo,Halibut - Fletches,Caja personal,16000
Arroz Llanero,Almuerzo,"Soup - Campbells, Creamy",Caja personal,20000
Arroz Oriental,Almuerzo,Gloves - Goldtouch Disposable,Caja personal,10000
Arroz Llanero,Almuerzo,Cheese Cloth,Caja personal,7000
Arroz Colombiano,Almuerzo,"Cheese - Brie, Cups 125g",Caja para dos,10000
Arroz a la Barbacoa,Almuerzo,Icecream Bar - Del Monte,Caja personal,12000
Chop Suby,Almuerzo,Gooseberry,Caja personal,6000
Arroz a la Barbacoa,Almuerzo,"Cheese - Mozzarella, Buffalo",Caja personal,7000
Arroz Mediterraneo,Almuerzo,Crackers - Melba Toast,Caja para dos,20000
Chop Suby,Almuerzo,Salad Dressing,Caja para dos,4000
Arroz Valluno,Almuerzo,Beer - Camerons Cream Ale,Caja para dos,16000
Arroz a la Barbacoa,Almuerzo,Bread - Assorted Rolls,Caja para dos,20000
Arroz Vegetariano,Almuerzo,Tea - Camomele,Caja personal,4000
Arroz Oriental,Almuerzo,Nestea - Iced Tea,Caja para dos,7000
Lumpias,Acompañamiento,Paper - Brown Paper Mini Cups,Caja personal,20000
Arroz Mediterraneo,Almuerzo,Wine - Saint Emilion Calvet,Caja personal,10000
Arroz a la Barbacoa,Almuerzo,"Beef - Kindney, Whole",Caja personal,16000
Lumpias,Acompañamiento,Kiwi,Caja para dos,12000
Arroz Colombiano,Almuerzo,Syrup - Kahlua Chocolate,Caja personal,6000
Arroz Llanero,Almuerzo,"Sparkling Wine - Rose, Freixenet",Caja personal,16000
Arroz Valluno,Almuerzo,Cherries - Fresh,Caja personal,20000
Arroz Oriental,Almuerzo,Cleaner - Bleach,Caja personal,20000
Arroz Llanero,Almuerzo,Eel Fresh,Caja personal,4000
Arroz a la Barbacoa,Almuerzo,Halibut - Fletches,Caja para dos,4000
Arroz Mediterraneo,Almuerzo,"Wine - Red, Gallo, Merlot",Caja personal,8000
Arroz Colombiano,Almuerzo,"Pepsi - Diet, 355 Ml",Caja para dos,8000
Arroz Mediterraneo,Almuerzo,Cloves - Ground,Caja personal,14000
Papas a la Francesa,Acompañamiento,Soap - Hand Soap,Caja personal,6000
Papas a la Francesa,Acompañamiento,Coffee Cup 16oz Foam,Caja personal,16000
Arroz del Puerto,Almuerzo,Wine - Ej Gallo Sonoma,Caja para dos,16000
Chop Suby,Almuerzo,"Nestea - Ice Tea, Diet",Caja para dos,10000
Arroz Llanero,Almuerzo,"Brocolinni - Gaylan, Chinese",Caja para dos,6000
Arroz Vegetariano,Almuerzo,Lettuce - Belgian Endive,Caja personal,8000
Arroz a la Barbacoa,Almuerzo,Hipnotiq Liquor,Caja personal,8000
Arroz Llanero,Almuerzo,Yoghurt Tubes,Caja personal,7000
Papas a la Francesa,Acompañamiento,Cheese Cloth No 60,Caja personal,8000
Arroz Oriental,Almuerzo,Lamb - Shanks,Caja para dos,8000
Chop Suby,Almuerzo,Coffee - Decaffeinato Coffee,Caja personal,16000
Lumpias,Acompañamiento,Capers - Pickled,Caja personal,4000
Arroz Colombiano,Almuerzo,Pastry - Plain Baked Croissant,Caja personal,6000
Arroz a la Barbacoa,Almuerzo,Sauce - Salsa,Caja personal,20000
Arroz Llanero,Almuerzo,Tandoori Curry Paste,Caja personal,20000
Arroz del Puerto,Almuerzo,Yoplait - Strawbrasp Peac,Caja personal,12000
Arroz Mediterraneo,Almuerzo,Lid - 16 Oz And 32 Oz,Caja personal,10000
Arroz del Puerto,Almuerzo,"Rum - Dark, Bacardi, Black",Caja para dos,12000
Arroz Vegetariano,Almuerzo,Wine - Ice Wine,Caja personal,6000
Arroz Llanero,Almuerzo,"Wine - White, Concha Y Toro",Caja personal,16000
Arroz Llanero,Almuerzo,Ham - Procutinni,Caja personal,16000
Arroz Valluno,Almuerzo,Pumpkin,Caja para dos,16000
Arroz a la Barbacoa,Almuerzo,"Quail - Eggs, Fresh",Caja personal,10000
Arroz del Puerto,Almuerzo,Wine - Tio Pepe Sherry Fino,Caja para dos,16000
Arroz Oriental,Almuerzo,Veal - Eye Of Round,Caja para dos,16000
Arroz Mediterraneo,Almuerzo,Coffee - Espresso,Caja para dos,14000
Papas a la Francesa,Acompañamiento,"Cheese - Brie, Cups 125g",Caja personal,8000
Arroz Oriental,Almuerzo,"Lemonade - Mandarin, 591 Ml",Caja personal,8000
Arroz a la Barbacoa,Almuerzo,Table Cloth 62x114 White,Caja personal,6000
Papas a la Francesa,Acompañamiento,Tomatoes - Cherry,Caja para dos,8000
Arroz a la Barbacoa,Almuerzo,Maintenance Removal Charge,Caja para dos,14000
Chop Suby,Almuerzo,Vinegar - Sherry,Caja personal,10000
Arroz Valluno,Almuerzo,Wine - Gato Negro Cabernet,Caja personal,7000
Arroz a la Barbacoa,Almuerzo,Ham - Cooked Bayonne Tinned,Caja para dos,4000
Arroz Mediterraneo,Almuerzo,Veal - Nuckle,Caja personal,12000
Chop Suby,Almuerzo,Cookie Trail Mix,Caja para dos,8000
Arroz Valluno,Almuerzo,Snapple - Iced Tea Peach,Caja para dos,16000
Papas a la Francesa,Acompañamiento,Wine - Chardonnay Mondavi,Caja personal,8000
Chop Suby,Almuerzo,Grapefruit - Pink,Caja para dos,4000
Chop Suby,Almuerzo,"Cheese - Manchego, Spanish",Caja para dos,14000
Arroz Mediterraneo,Almuerzo,"Bread - Rolls, Rye",Caja para dos,12000
Arroz Llanero,Almuerzo,Mousse - Banana Chocolate,Caja personal,6000
Chop Suby,Almuerzo,Soup - French Onion,Caja para dos,10000
Arroz del Puerto,Almuerzo,Crab - Soft Shell,Caja para dos,12000
Arroz Oriental,Almuerzo,Appetizer - Mango Chevre,Caja personal,4000
Chop Suby,Almuerzo,Cake - Cake Sheet Macaroon,Caja para dos,12000
Arroz del Puerto,Almuerzo,Wine - Chardonnay Mondavi,Caja personal,6000
Arroz a la Barbacoa,Almuerzo,Milk - Chocolate 250 Ml,Caja personal,10000
Arroz Mediterraneo,Almuerzo,Chips Potato Salt Vinegar 43g,Caja personal,10000
Arroz Valluno,Almuerzo,Wine - Valpolicella Masi,Caja para dos,6000
Arroz a la Barbacoa,Almuerzo,Garbage Bags - Clear,Caja personal,4000
Arroz Mediterraneo,Almuerzo,Cookie - Oreo 100x2,Caja personal,8000
Arroz Valluno,Almuerzo,Bread - Corn Muffaleta Onion,Caja para dos,7000
Arroz Llanero,Almuerzo,Gherkin - Sour,Caja para dos,12000
Arroz Valluno,Almuerzo,Artichokes - Jerusalem,Caja personal,7000
Arroz Mediterraneo,Almuerzo,Corn Syrup,Caja para dos,4000
Lumpias,Acompañamiento,"Sauce - Soya, Dark",Caja personal,10000
Arroz a la Barbacoa,Almuerzo,Vinegar - Red Wine,Caja para dos,10000
Arroz Llanero,Almuerzo,Muffin - Mix - Creme Brule 15l,Caja personal,12000
Arroz Oriental,Almuerzo,Soap - Hand Soap,Caja para dos,16000
Chop Suby,Almuerzo,Apple - Custard,Caja para dos,14000
Arroz del Puerto,Almuerzo,Tea - Apple Green Tea,Caja personal,14000
Arroz Colombiano,Almuerzo,Bread Sour Rolls,Caja para dos,20000
Arroz Colombiano,Almuerzo,Onions - Cooking,Caja personal,20000
Papas a la Francesa,Acompañamiento,Mushroom - Chanterelle Frozen,Caja personal,12000
Arroz Mediterraneo,Almuerzo,Potatoes - Idaho 100 Count,Caja personal,7000
Arroz Llanero,Almuerzo,Beef Cheek Fresh,Caja para dos,16000
Arroz del Puerto,Almuerzo,Turnip - Mini,Caja personal,8000
Papas a la Francesa,Acompañamiento,Pomello,Caja para dos,14000
Arroz Vegetariano,Almuerzo,Blueberries,Caja para dos,4000
Arroz Mediterraneo,Almuerzo,Ginger - Pickled,Caja para dos,6000
Arroz Oriental,Almuerzo,Snails - Large Canned,Caja personal,16000
Arroz Colombiano,Almuerzo,Crab - Soft Shell,Caja personal,20000
Arroz Vegetariano,Almuerzo,Turkey - Oven Roast Breast,Caja personal,10000
Arroz Valluno,Almuerzo,"Beer - Alexander Kieths, Pale Ale",Caja personal,16000
Arroz del Puerto,Almuerzo,Lid Tray - 12in Dome,Caja personal,16000
Arroz a la Barbacoa,Almuerzo,Longos - Chicken Caeser Salad,Caja personal,12000
Papas a la Francesa,Acompañamiento,Vinegar - Red Wine,Caja personal,6000
Papas a la Francesa,Acompañamiento,Appetizer - Asian Shrimp Roll,Caja personal,4000
Arroz a la Barbacoa,Almuerzo,Vacuum Bags 12x16,Caja personal,20000
Arroz Vegetariano,Almuerzo,Egg - Salad Premix,Caja para dos,12000
Arroz Colombiano,Almuerzo,Cream - 35%,Caja personal,4000
Arroz Oriental,Almuerzo,Table Cloth 62x120 White,Caja para dos,6000
Arroz a la Barbacoa,Almuerzo,Dasheen,Caja para dos,4000
Arroz Llanero,Almuerzo,"Cheese - Mozzarella, Buffalo",Caja para dos,14000
Arroz Colombiano,Almuerzo,"Yogurt - Blueberry, 175 Gr",Caja para dos,12000
Arroz Llanero,Almuerzo,Coffee Swiss Choc Almond,Caja personal,10000
Papas a la Francesa,Acompañamiento,Kippers - Smoked,Caja para dos,8000
Arroz Oriental,Almuerzo,Momiji Oroshi Chili Sauce,Caja para dos,8000
Chop Suby,Almuerzo,"Lobster - Baby, Boiled",Caja para dos,4000
Arroz Llanero,Almuerzo,Irish Cream - Baileys,Caja personal,6000
Arroz Mediterraneo,Almuerzo,Cheese - Goat,Caja personal,14000
Arroz del Puerto,Almuerzo,Lettuce - Escarole,Caja personal,7000
Arroz a la Barbacoa,Almuerzo,Kellogs All Bran Bars,Caja personal,14000
Lumpias,Acompañamiento,Turnip - White,Caja personal,7000
Arroz Colombiano,Almuerzo,Wine - Placido Pinot Grigo,Caja para dos,6000
Arroz Oriental,Almuerzo,Onions - Pearl,Caja para dos,16000
Papas a la Francesa,Acompañamiento,Crackers - Soda / Saltins,Caja para dos,20000
Papas a la Francesa,Acompañamiento,Onions - White,Caja personal,16000
Arroz a la Barbacoa,Almuerzo,Chivas Regal - 12 Year Old,Caja personal,20000
Papas a la Francesa,Acompañamiento,Juice Peach Nectar,Caja para dos,4000
Arroz Llanero,Almuerzo,Lidsoupcont Rp12dn,Caja personal,16000
Chop Suby,Almuerzo,Lumpfish Black,Caja para dos,20000
Chop Suby,Almuerzo,Wine - Shiraz South Eastern,Caja para dos,10000
Arroz Valluno,Almuerzo,Cheese - Ricotta,Caja personal,4000
Arroz Mediterraneo,Almuerzo,"Salsify, Organic",Caja para dos,8000
Arroz Oriental,Almuerzo,Bread - Multigrain Oval,Caja personal,16000
Arroz Llanero,Almuerzo,Trueblue - Blueberry Cranberry,Caja personal,7000
Papas a la Francesa,Acompañamiento,Chocolate - Dark,Caja para dos,16000
Arroz Llanero,Almuerzo,Wine - Chianti Classica Docg,Caja personal,8000
Papas a la Francesa,Acompañamiento,Soup - Campbellschix Stew,Caja personal,6000
Arroz Valluno,Almuerzo,Monkfish - Fresh,Caja personal,8000
Lumpias,Acompañamiento,"Beef - Bones, Marrow",Caja para dos,7000
Arroz a la Barbacoa,Almuerzo,"Lamb - Leg, Bone In",Caja personal,12000
Arroz Valluno,Almuerzo,Beef - Tenderloin,Caja para dos,14000
Arroz Vegetariano,Almuerzo,Ecolab - Lime - A - Way 4/4 L,Caja personal,20000
Arroz a la Barbacoa,Almuerzo,Veal - Knuckle,Caja personal,14000
Arroz Oriental,Almuerzo,Beer - Sleemans Honey Brown,Caja personal,6000
Arroz Colombiano,Almuerzo,Bread - Wheat Baguette,Caja personal,12000
Lumpias,Acompañamiento,Ginger - Fresh,Caja personal,6000
Arroz Oriental,Almuerzo,Steam Pan - Half Size Deep,Caja para dos,12000
Chop Suby,Almuerzo,Nantucket Apple Juice,Caja para dos,6000
Lumpias,Acompañamiento,Food Colouring - Blue,Caja para dos,20000
Papas a la Francesa,Acompañamiento,Tomato - Green,Caja personal,8000
Arroz Vegetariano,Almuerzo,Broom - Corn,Caja para dos,6000
Chop Suby,Almuerzo,Beef Flat Iron Steak,Caja personal,16000
Chop Suby,Almuerzo,Container - Hngd Cll Blk 7x7x3,Caja personal,14000
Arroz Mediterraneo,Almuerzo,Ecolab - Medallion,Caja personal,12000
Papas a la Francesa,Acompañamiento,Broom - Angled,Caja personal,16000
Arroz Mediterraneo,Almuerzo,"Mop Head - Cotton, 24 Oz",Caja personal,7000
Papas a la Francesa,Acompañamiento,Bread - Sour Batard,Caja para dos,20000
Arroz Vegetariano,Almuerzo,Ham - Cooked Bayonne Tinned,Caja personal,14000
Arroz Valluno,Almuerzo,Salt - Kosher,Caja para dos,8000
Arroz Mediterraneo,Almuerzo,"Pork - Loin, Center Cut",Caja personal,10000
Arroz a la Barbacoa,Almuerzo,Scallops - Live In Shell,Caja personal,14000
Arroz Vegetariano,Almuerzo,Wine - Vouvray Cuvee Domaine,Caja para dos,6000
Papas a la Francesa,Acompañamiento,"Sugar - Brown, Individual",Caja personal,20000
Arroz Oriental,Almuerzo,Frangelico,Caja personal,10000
Arroz Valluno,Almuerzo,Beef - Texas Style Burger,Caja personal,8000
Arroz Vegetariano,Almuerzo,Beer - Paulaner Hefeweisse,Caja personal,7000
Arroz a la Barbacoa,Almuerzo,"Trout - Rainbow, Fresh",Caja para dos,8000
Arroz Mediterraneo,Almuerzo,Thyme - Fresh,Caja para dos,6000
Arroz del Puerto,Almuerzo,Black Currants,Caja personal,20000
Arroz Oriental,Almuerzo,"Lemonade - Island Tea, 591 Ml",Caja para dos,16000
Arroz Valluno,Almuerzo,Tofu - Soft,Caja personal,8000
Arroz Colombiano,Almuerzo,Cookie Choc,Caja para dos,20000
Papas a la Francesa,Acompañamiento,Salmon Atl.whole 8 - 10 Lb,Caja para dos,8000
Papas a la Francesa,Acompañamiento,"Bread - Dark Rye, Loaf",Caja para dos,7000
Lumpias,Acompañamiento,Steampan Lid,Caja personal,6000
Arroz a la Barbacoa,Almuerzo,Glaze - Clear,Caja personal,7000
Lumpias,Acompañamiento,Sweet Pea Sprouts,Caja personal,6000
Arroz Oriental,Almuerzo,Anisette - Mcguiness,Caja para dos,14000
Chop Suby,Almuerzo,Beer - Sleeman Fine Porter,Caja para dos,10000
Arroz Vegetariano,Almuerzo,Carbonated Water - Wildberry,Caja personal,4000
Arroz Mediterraneo,Almuerzo,Tart - Pecan Butter Squares,Caja para dos,12000
Arroz Oriental,Almuerzo,Wine - Coteaux Du Tricastin Ac,Caja para dos,6000
Arroz Llanero,Almuerzo,Beans - Wax,Caja para dos,14000
Arroz Valluno,Almuerzo,"Pasta - Penne Primavera, Single",Caja personal,16000
Arroz Vegetariano,Almuerzo,"Lid - 10,12,16 Oz",Caja personal,6000
Arroz Vegetariano,Almuerzo,Momiji Oroshi Chili Sauce,Caja personal,12000
Arroz Valluno,Almuerzo,Petit Baguette,Caja para dos,7000
Arroz Llanero,Almuerzo,Garbag Bags - Black,Caja personal,16000
Arroz Valluno,Almuerzo,Irish Cream - Butterscotch,Caja para dos,14000
Arroz del Puerto,Almuerzo,Quiche Assorted,Caja para dos,16000
Arroz Llanero,Almuerzo,"Bread - Rolls, Corn",Caja personal,8000
Arroz Oriental,Almuerzo,"Veal - Tenderloin, Untrimmed",Caja personal,20000
Arroz Mediterraneo,Almuerzo,"Bag - Bread, White, Plain",Caja para dos,7000
Arroz Oriental,Almuerzo,Curry Powder Madras,Caja personal,7000
Arroz Valluno,Almuerzo,"Sauce - Soya, Light",Caja para dos,10000
Arroz Vegetariano,Almuerzo,Bacardi Breezer - Tropical,Caja para dos,8000
Arroz Llanero,Almuerzo,Port - 74 Brights,Caja para dos,8000
Arroz Oriental,Almuerzo,Towel - Roll White,Caja para dos,4000
Arroz Vegetariano,Almuerzo,Lamb - Shoulder,Caja para dos,4000
Arroz Colombiano,Almuerzo,Waffle Stix,Caja para dos,20000
Lumpias,Acompañamiento,"Pepper - Paprika, Spanish",Caja personal,10000
Papas a la Francesa,Acompañamiento,Mountain Dew,Caja personal,14000
Arroz Mediterraneo,Almuerzo,"Salsify, Organic",Caja para dos,16000
Lumpias,Acompañamiento,Toothpick Frilled,Caja personal,14000
Chop Suby,Almuerzo,Coffee - 10oz Cup 92961,Caja para dos,20000
Papas a la Francesa,Acompañamiento,"Pepper - White, Ground",Caja para dos,10000
Arroz Mediterraneo,Almuerzo,Glove - Cutting,Caja personal,14000
Arroz a la Barbacoa,Almuerzo,Rice - Basmati,Caja para dos,12000
Arroz Oriental,Almuerzo,"Ecolab - Orange Frc, Cleaner",Caja para dos,14000
Arroz Valluno,Almuerzo,Slt - Individual Portions,Caja para dos,20000
Papas a la Francesa,Acompañamiento,Wakami Seaweed,Caja personal,10000
Arroz Llanero,Almuerzo,"Lentils - Red, Dry",Caja para dos,14000
Arroz Llanero,Almuerzo,Otomegusa Dashi Konbu,Caja para dos,4000
Arroz Vegetariano,Almuerzo,Wine - Rubyport,Caja personal,20000
Arroz Vegetariano,Almuerzo,Bagel - Plain,Caja personal,14000
Papas a la Francesa,Acompañamiento,Pastry - Choclate Baked,Caja personal,14000
Lumpias,Acompañamiento,Lamb Rack Frenched Australian,Caja personal,10000
Arroz Llanero,Almuerzo,Cookie Chocolate Chip With,Caja para dos,8000
Arroz Vegetariano,Almuerzo,"Pasta - Elbows, Macaroni, Dry",Caja personal,8000
Arroz Colombiano,Almuerzo,Eggplant - Baby,Caja para dos,7000
Arroz Vegetariano,Almuerzo,Honey - Comb,Caja personal,14000
Arroz Vegetariano,Almuerzo,Pork - Back Ribs,Caja para dos,10000
Arroz Oriental,Almuerzo,Lamb - Ground,Caja personal,10000
Arroz Mediterraneo,Almuerzo,Juice - Apple Cider,Caja personal,4000
Papas a la Francesa,Acompañamiento,Pasta - Angel Hair,Caja personal,4000
Arroz Llanero,Almuerzo,"Pepper - Julienne, Frozen",Caja para dos,7000
Arroz Oriental,Almuerzo,Truffle Shells - White Chocolate,Caja para dos,10000
Chop Suby,Almuerzo,Lobster - Base,Caja para dos,6000
Papas a la Francesa,Acompañamiento,"Nut - Hazelnut, Ground, Natural",Caja personal,20000
Arroz del Puerto,Almuerzo,Appetizer - Mango Chevre,Caja personal,10000
Arroz a la Barbacoa,Almuerzo,Papayas,Caja para dos,20000
Lumpias,Acompañamiento,Mushroom - Crimini,Caja personal,4000
Arroz Oriental,Almuerzo,Dried Peach,Caja para dos,16000
Arroz Oriental,Almuerzo,"Halibut - Whole, Fresh",Caja personal,6000
Arroz a la Barbacoa,Almuerzo,Wine - Alsace Gewurztraminer,Caja para dos,12000
Arroz a la Barbacoa,Almuerzo,"Sugar - Sweet N Low, Individual",Caja personal,10000
Arroz Valluno,Almuerzo,Beef Flat Iron Steak,Caja para dos,10000
Arroz Vegetariano,Almuerzo,"Napkin - Dinner, White",Caja para dos,12000
Arroz del Puerto,Almuerzo,Rice - Jasmine Sented,Caja personal,4000
Chop Suby,Almuerzo,Chick Peas - Canned,Caja personal,14000
Arroz Mediterraneo,Almuerzo,Cheese - Victor Et Berthold,Caja para dos,6000
Arroz Mediterraneo,Almuerzo,"Pasta - Linguini, Dry",Caja para dos,10000
Arroz del Puerto,Almuerzo,Soup Campbells - Tomato Bisque,Caja para dos,8000
Arroz a la Barbacoa,Almuerzo,Tuna - Yellowfin,Caja para dos,14000
Arroz Oriental,Almuerzo,Blue Curacao - Marie Brizard,Caja para dos,20000
Arroz Colombiano,Almuerzo,Chinese Foods - Chicken,Caja personal,10000
Arroz Llanero,Almuerzo,Beets,Caja para dos,6000
Arroz Mediterraneo,Almuerzo,Halibut - Steaks,Caja personal,14000
Arroz Llanero,Almuerzo,Creamers - 10%,Caja para dos,16000
Lumpias,Acompañamiento,"Cheese - Brie,danish",Caja para dos,14000
Arroz del Puerto,Almuerzo,Bacardi Breezer - Strawberry,Caja personal,6000
Arroz Vegetariano,Almuerzo,Shiratamako - Rice Flour,Caja para dos,16000
Chop Suby,Almuerzo,Tuna - Loin,Caja personal,16000
Arroz Vegetariano,Almuerzo,Beef - Striploin Aa,Caja para dos,20000
Arroz del Puerto,Almuerzo,"Mushroom - Shitake, Dry",Caja personal,4000
Lumpias,Acompañamiento,Beef - Texas Style Burger,Caja personal,14000
Arroz Mediterraneo,Almuerzo,Cake - Dulce De Leche,Caja personal,16000
Arroz del Puerto,Almuerzo,Wine - Kwv Chenin Blanc South,Caja personal,16000
Arroz Mediterraneo,Almuerzo,"Veal - Tenderloin, Untrimmed",Caja para dos,20000
Papas a la Francesa,Acompañamiento,"Wine - White, Colubia Cresh",Caja para dos,7000
Lumpias,Acompañamiento,Muskox - French Rack,Caja para dos,4000
Chop Suby,Almuerzo,"Beef - Roasted, Cooked",Caja para dos,20000
Arroz Mediterraneo,Almuerzo,Bread - Bistro Sour,Caja para dos,12000
Chop Suby,Almuerzo,Langers - Cranberry Cocktail,Caja personal,6000
Arroz Vegetariano,Almuerzo,Banana - Leaves,Caja para dos,8000
Arroz Valluno,Almuerzo,"Ice - Clear, 300 Lb For Carving",Caja para dos,10000
Lumpias,Acompañamiento,Sprouts - Brussel,Caja personal,6000
Arroz Valluno,Almuerzo,Truffle - Whole Black Peeled,Caja para dos,6000
Arroz Llanero,Almuerzo,"Wine - Cahors Ac 2000, Clos",Caja personal,12000
Arroz del Puerto,Almuerzo,Rosemary - Dry,Caja para dos,14000
Arroz a la Barbacoa,Almuerzo,"Pasta - Bauletti, Chicken White",Caja para dos,4000
Arroz Llanero,Almuerzo,Ginger - Ground,Caja para dos,6000
Chop Suby,Almuerzo,Crackers - Water,Caja para dos,12000
Arroz a la Barbacoa,Almuerzo,"Wine - Red, Harrow Estates, Cab",Caja para dos,6000
Arroz a la Barbacoa,Almuerzo,Sauce - Fish 25 Ozf Bottle,Caja personal,6000
Arroz Oriental,Almuerzo,Smoked Paprika,Caja personal,7000
Papas a la Francesa,Acompañamiento,"Brocolinni - Gaylan, Chinese",Caja personal,20000
Arroz Mediterraneo,Almuerzo,Pastry - Banana Tea Loaf,Caja para dos,20000
Lumpias,Acompañamiento,"Beef - Ground, Extra Lean, Fresh",Caja personal,7000
Arroz Colombiano,Almuerzo,Mousse - Mango,Caja personal,20000
Arroz Llanero,Almuerzo,Cleaner - Pine Sol,Caja para dos,12000
Arroz Vegetariano,Almuerzo,Flour Pastry Super Fine,Caja para dos,16000
Arroz Mediterraneo,Almuerzo,"Wine - White, Riesling, Semi - Dry",Caja para dos,10000
Arroz del Puerto,Almuerzo,Strawberries,Caja para dos,6000
Arroz Oriental,Almuerzo,Soup - Verve - Chipotle Chicken,Caja para dos,8000
Chop Suby,Almuerzo,Pepper - Scotch Bonnet,Caja para dos,8000
Arroz Mediterraneo,Almuerzo,Carbonated Water - Blackcherry,Caja para dos,6000
Arroz Mediterraneo,Almuerzo,Bar Special K,Caja para dos,6000
Papas a la Francesa,Acompañamiento,"Cheese - Havarti, Roasted Garlic",Caja para dos,20000
Arroz Llanero,Almuerzo,Roe - Flying Fish,Caja para dos,8000
Arroz a la Barbacoa,Almuerzo,"Radish - Black, Winter, Organic",Caja personal,4000
Chop Suby,Almuerzo,Wine - Casablanca Valley,Caja para dos,8000
Arroz Oriental,Almuerzo,Chef Hat 20cm,Caja para dos,12000
Arroz Llanero,Almuerzo,"Chocolate - Pistoles, White",Caja personal,4000
Arroz Colombiano,Almuerzo,Pie Shells 10,Caja personal,6000
Arroz Llanero,Almuerzo,"Mushroom - Trumpet, Dry",Caja para dos,10000
Arroz Mediterraneo,Almuerzo,Pail For Lid 1537,Caja para dos,4000
Papas a la Francesa,Acompañamiento,Veal - Sweetbread,Caja para dos,7000
Arroz Mediterraneo,Almuerzo,Wine - Sauvignon Blanc,Caja para dos,8000
Arroz Vegetariano,Almuerzo,Sugar - Invert,Caja personal,4000
Arroz del Puerto,Almuerzo,Muffin Mix - Carrot,Caja personal,6000
Arroz Llanero,Almuerzo,"Lentils - Green, Dry",Caja personal,12000
Arroz Colombiano,Almuerzo,Salt And Pepper Mix - Black,Caja para dos,10000
Arroz Oriental,Almuerzo,Lid Tray - 16in Dome,Caja personal,6000
Arroz Colombiano,Almuerzo,Pork - Ground,Caja personal,4000
Arroz a la Barbacoa,Almuerzo,Wine - Dubouef Macon - Villages,Caja personal,12000
Chop Suby,Almuerzo,Chocolate - Dark,Caja para dos,4000
Lumpias,Acompañamiento,Sansho Powder,Caja para dos,8000
Papas a la Francesa,Acompañamiento,Flower - Potmums,Caja para dos,6000
Arroz del Puerto,Almuerzo,"Doilies - 8, Paper",Caja para dos,10000
Arroz del Puerto,Almuerzo,"Soup - French Onion, Dry",Caja personal,10000
Lumpias,Acompañamiento,Oven Mitts - 15 Inch,Caja para dos,20000
Arroz Llanero,Almuerzo,Ezy Change Mophandle,Caja personal,8000
Chop Suby,Almuerzo,Bread - 10 Grain Parisian,Caja para dos,10000
Arroz Colombiano,Almuerzo,"Mushroom - Morels, Dry",Caja para dos,8000
Arroz a la Barbacoa,Almuerzo,Rye Special Old,Caja personal,20000
Arroz Vegetariano,Almuerzo,Port - 74 Brights,Caja personal,16000
Arroz Llanero,Almuerzo,"Juice - Apple, 1.36l",Caja personal,7000
Arroz Llanero,Almuerzo,Appetizer - Tarragon Chicken,Caja personal,20000
Arroz Llanero,Almuerzo,Pastry - Baked Cinnamon Stick,Caja para dos,16000
Arroz Oriental,Almuerzo,Daikon Radish,Caja personal,16000
Arroz del Puerto,Almuerzo,"Sugar - Sweet N Low, Individual",Caja personal,20000
Arroz Vegetariano,Almuerzo,Cake - Box Window 10x10x2.5,Caja personal,12000
Arroz Mediterraneo,Almuerzo,"Oil - Olive, Extra Virgin",Caja personal,16000
Arroz a la Barbacoa,Almuerzo,Parsley - Fresh,Caja para dos,8000
Chop Suby,Almuerzo,Tarts Assorted,Caja para dos,14000
Arroz a la Barbacoa,Almuerzo,Coffee - Espresso,Caja para dos,7000
Arroz Valluno,Almuerzo,Beef - Cow Feet Split,Caja para dos,14000
Chop Suby,Almuerzo,Crackers - Trio,Caja para dos,7000
Arroz Vegetariano,Almuerzo,Corn Meal,Caja para dos,6000
Arroz Valluno,Almuerzo,Muffin Puck Ww Carrot,Caja para dos,7000
Papas a la Francesa,Acompañamiento,True - Vue Containers,Caja para dos,4000
Papas a la Francesa,Acompañamiento,Wine - Charddonnay Errazuriz,Caja personal,12000
Arroz Vegetariano,Almuerzo,Napkin White,Caja personal,6000
Arroz Vegetariano,Almuerzo,"Halibut - Whole, Fresh",Caja para dos,10000
Lumpias,Acompañamiento,Sugar - Palm,Caja para dos,8000
Arroz Llanero,Almuerzo,Wine - Magnotta - Cab Franc,Caja para dos,12000
Papas a la Francesa,Acompañamiento,Saskatoon Berries - Frozen,Caja para dos,14000
Arroz Colombiano,Almuerzo,Cornstarch,Caja personal,20000
Arroz Mediterraneo,Almuerzo,Veal - Slab Bacon,Caja personal,14000
Arroz Valluno,Almuerzo,Napkin - Beverage 1 Ply,Caja personal,16000
Lumpias,Acompañamiento,Goat - Leg,Caja personal,16000
Arroz a la Barbacoa,Almuerzo,Bread - Raisin,Caja para dos,6000
Lumpias,Acompañamiento,Cake - Lemon Chiffon,Caja para dos,4000
Arroz Oriental,Almuerzo,Soup - Campbells Asian Noodle,Caja personal,14000
Arroz Vegetariano,Almuerzo,Ezy Change Mophandle,Caja personal,16000
Arroz Llanero,Almuerzo,Broom And Brush Rack Black,Caja para dos,6000
Arroz Colombiano,Almuerzo,Plate Pie Foil,Caja para dos,10000
Arroz a la Barbacoa,Almuerzo,"Vodka - Hot, Lnferno",Caja para dos,4000
Papas a la Francesa,Acompañamiento,Daikon Radish,Caja personal,14000
Papas a la Francesa,Acompañamiento,Wine - Chablis 2003 Champs,Caja para dos,16000
Arroz Llanero,Almuerzo,"Lemonade - Natural, 591 Ml",Caja para dos,12000
Lumpias,Acompañamiento,"Onions - Dried, Chopped",Caja para dos,4000
Papas a la Francesa,Acompañamiento,Smoked Tongue,Caja personal,20000
Lumpias,Acompañamiento,"Fish - Scallops, Cold Smoked",Caja para dos,8000
Lumpias,Acompañamiento,Wine - Champagne Brut Veuve,Caja personal,14000
Arroz Valluno,Almuerzo,Chocolate - Mi - Amere Semi,Caja personal,6000
Arroz Valluno,Almuerzo,"Wine - Red, Cabernet Merlot",Caja personal,12000
Arroz Vegetariano,Almuerzo,Beer - Upper Canada Lager,Caja para dos,7000
Arroz Colombiano,Almuerzo,Sea Bass - Fillets,Caja para dos,16000
Arroz a la Barbacoa,Almuerzo,Soupfoamcont12oz 112con,Caja personal,6000
Arroz del Puerto,Almuerzo,Apricots - Dried,Caja para dos,10000
Papas a la Francesa,Acompañamiento,Mushroom - Porcini Frozen,Caja personal,7000
Chop Suby,Almuerzo,Arrowroot,Caja para dos,20000
Lumpias,Acompañamiento,Beef - Cow Feet Split,Caja personal,6000
Arroz Valluno,Almuerzo,"Wine - White, Pinot Grigio",Caja para dos,7000
Papas a la Francesa,Acompañamiento,Flour - Chickpea,Caja para dos,20000
Arroz Oriental,Almuerzo,Soupfoamcont12oz 112con,Caja personal,20000
Arroz Mediterraneo,Almuerzo,Quail Eggs - Canned,Caja para dos,7000
Arroz Oriental,Almuerzo,Buttons,Caja para dos,10000
Arroz Oriental,Almuerzo,"Schnappes - Peach, Walkers",Caja para dos,14000
Arroz Oriental,Almuerzo,Sugar - Splenda Sweetener,Caja para dos,7000
Papas a la Francesa,Acompañamiento,Tomatoes - Hot House,Caja personal,6000
Papas a la Francesa,Acompañamiento,"Soup - French Onion, Dry",Caja personal,16000
Papas a la Francesa,Acompañamiento,"Pasta - Elbows, Macaroni, Dry",Caja personal,16000
Arroz Colombiano,Almuerzo,Cheese - Fontina,Caja para dos,8000
Arroz Vegetariano,Almuerzo,Ice Cream - Strawberry,Caja personal,10000
Arroz Mediterraneo,Almuerzo,Tobasco Sauce,Caja personal,16000
Arroz a la Barbacoa,Almuerzo,Watercress,Caja personal,20000
Lumpias,Acompañamiento,Gatorade - Fruit Punch,Caja personal,16000
Arroz a la Barbacoa,Almuerzo,"Salmon - Atlantic, No Skin",Caja personal,10000
Arroz a la Barbacoa,Almuerzo,Sauce - Fish 25 Ozf Bottle,Caja personal,20000
Arroz Mediterraneo,Almuerzo,Salt - Kosher,Caja para dos,4000
Papas a la Francesa,Acompañamiento,Wine - Sauvignon Blanc,Caja para dos,8000
Arroz Vegetariano,Almuerzo,Chicken - Bones,Caja personal,16000
Arroz Oriental,Almuerzo,Pastry - Banana Tea Loaf,Caja personal,4000
Arroz Valluno,Almuerzo,Eggplant - Baby,Caja para dos,6000
Papas a la Francesa,Acompañamiento,Wiberg Super Cure,Caja para dos,6000
Arroz a la Barbacoa,Almuerzo,Beer - Creemore,Caja personal,10000
Arroz Llanero,Almuerzo,Coconut Milk - Unsweetened,Caja para dos,10000
